County,Facility Name,Resident Cumulative Confirmed Cases,Resident Cumulative COVID-19 Deaths,Staff Cumulative Confirmed Cases,Staff Cumulative COVID-19 Deaths
OAKLAND,~SKLD - West Bloomfield~,209,14,6,0
WAYNE,Regency A Villa Center ,194,14,19,0
WAYNE,"Westland, A Villa Center",139,23,18,0
OAKLAND,SKLD - Bloomfield Hills,132,14,16,0
WAYNE,"Imperial, A Villa Center",103,19,11,0
WAYNE,Fairlane Senior Care and Rehab Center,102,24,60,0
MACOMB,Father Murray Nursing Center,102,23,56,1
OAKLAND,~Evergreen Health & Living Center~,100,7,16,1
WAYNE,Riverview Health and Rehab Ctr North,97,29,25,0
SAINT CLAIR,Medilodge of St. Clair,94,23,27,0
MACOMB,"Lakepointe Senior Care & Rehab Ctr, LLC",90,27,33,0
MACOMB,Church of Christ Care Center,90,23,55,0
LIVINGSTON,Caretel Inns of Brighton,90,10,4,0
WAYNE,Regency Heights Nursing Center Detroit,89,32,42,0
WAYNE,Beaumont Rehab & Continuing Care - DBN,88,29,26,0
MACOMB,Autumn Woods Residential Health,83,35,39,0
MACOMB,~St. Anthony Nursing Healthcare~,83,19,17,0
BERRIEN,West Woods of Niles,81,20,40,0
MACOMB,Shelby Nursing Center,78,13,23,0
KENT,Samaritas Lodge (SNF),78,33,27,0
WAYNE,"Ambassador, A Villa Center",76,28,55,0
OAKLAND,Pomeroy Living - Rochester Skilled,76,0,20,0
WAYNE,Rivergate Health Care Center,75,20,53,0
WAYNE,Heartland Health Care Center - Dearborn ,74,15,29,0
MACOMB,Medilodge of Sterling Heights,74,16,33,0
MACOMB,Advantage Living Center - Roseville,73,20,10,1
WAYNE,Advantage Living Center Harper Woods,72,23,13,1
WAYNE,Rivergate Terrace,72,37,36,1
WAYNE,~The Lodge at Taylor~,71,12,10,0
WAYNE,"Applewood Nursing Center, Inc.",68,9,32,0
WAYNE,~Advantage Living Center Wayne~,68,24,13,0
GENESEE,Kith Haven,67,23,22,0
OAKLAND,West Bloomfield Nursing Center,67,19,23,0
WAYNE,~Advantage Living Center Northwest~,66,20,27,0
GENESEE,Maple Woods Manor,65,31,90,0
WAYNE,St. James Nursing Center,64,13,23,0
OAKLAND,The Manor of Farmington Hills,63,14,14,0
KALAMAZOO,Medilodge of Kalamazoo,63,23,22,0
MACOMB,~Shorepoint Nursing Center~,63,16,30,1
SAGINAW,Wellspring Lutheran Frankenmuth,62,28,28,0
ALPENA,Medilodge Alpena,61,9,31,0
WAYNE,The Villa at Great Lakes Crossing,61,17,21,0
OAKLAND,The Manor of Novi,60,41,16,0
WAYNE,Heartland Health Care Center-Livonia,60,8,11,0
MACOMB,The Villa At City Center,59,17,27,0
MACOMB,~Regency at Shelby Township~,59,14,26,0
WAYNE,Qualicare Nursing Home,58,14,23,0
OAKLAND,Woodward Hills Nursing Center,58,4,19,0
MACOMB,Pomeroy Sterling Skilled Rehab,58,28,34,1
SHIAWASSEE,Durand Senior Care and Rehab Center,58,14,41,0
WAYNE,Riverview Health and Rehab Ctr,57,18,33,0
WAYNE,Oakpointe Senior Care and Rehab Center,56,15,8,0
GENESEE,~Willowbrook Manor~,55,20,10,0
WAYNE,Sheffield Manor Nursing & Rehab Center,55,12,31,1
WAYNE,Heartland Health Care Center Allen Park,55,11,15,0
MACOMB,Martha T Berry MCF,54,23,50,0
WAYNE,~SKLD Plymouth~,53,7,17,0
WAYNE,West Oaks Senior Care and Rehab,52,0,20,0
WAYNE,~Advantage Living Center - Samaritan~,52,20,21,1
OAKLAND,Medilodge of Southfield,52,21,16,0
HILLSDALE,Hillsdale Co Medical Care Faci,51,20,51,0
WAYNE,Regency At Canton,50,10,12,0
MACOMB,Advantage Living Center - Warren,50,38,24,0
MACOMB,Warren Woods Health and Rehab Center,49,24,20,1
OAKLAND,Beaumont Rehab & Continuing Care Farming,48,12,11,0
GENESEE,Fenton HealthCare,48,5,17,0
MUSKEGON,~SKLD Muskegon~,48,8,28,0
WAYNE,The Villa at the Park,47,3,19,0
WAYNE,Beaconshire Nursing Center,47,7,18,1
WAYNE,Regency At Livonia,47,20,25,1
OAKLAND,Villa at Silverbell Estate,47,11,12,0
LAPEER,The Villages of Lapeer Nursing & Rehab,47,19,16,0
OAKLAND,Medilodge of Rochester Hills,47,20,8,0
INGHAM,Ingham County Medical Care Facility ,46,9,24,0
OAKLAND,Notting Hill of West Bloomfield,46,12,16,0
CALHOUN,Calhoun County Medical Care Facility,45,9,37,0
MACOMB,Heartland Healthcare - Sterling Heights,45,13,12,0
WASHTENAW,Superior Woods Healthcare,44,13,11,0
MACOMB,Sanctuary at Fraser Villa,44,9,36,0
OAKLAND,Lahser Hills Care Centre,43,5,44,1
WAYNE,Hartford Nursing & Rehab Center,42,14,21,0
WAYNE,Four Chaplains Nursing Care Center,42,6,35,1
WAYNE,Regency at Westland,42,7,12,0
GENESEE,Heritage Manor Healthcare Center,42,0,29,1
WAYNE,SKLD Livonia ,42,13,13,0
BERRIEN,Hallmark Living--Benton Harbor,40,18,16,0
WASHTENAW,Chelsea Retirement Community,40,14,36,0
WAYNE,Advantage Living Center Southgate,40,6,7,0
CASS,Cass County Medical Care Facility,40,10,27,0
WAYNE,"St. Joseph's, A Villa Center",39,3,7,0
OAKLAND,Cambridge East Healthcare Center,37,19,18,0
WAYNE,Fountain Bleu Health & Rehabilitation ,37,5,12,0
KENT,Mission Point of Cedar Springs,36,11,10,0
WAYNE,"Boulevard Manor, LLC",36,9,8,0
SAGINAW,Great Lakes Rehab Center,36,8,18,0
WAYNE,The Bay at Elmwood Health and Rehab,35,12,10,1
OAKLAND,The Villa at Green Lake Estates,35,7,34,0
TUSCOLA,Medilodge of Cass City,34,7,13,0
WAYNE,Westwood Nursing Center,34,3,6,0
WAYNE,Belle Fountain Nursing & Rehab Center,34,6,29,0
WAYNE,The Bay at Woodward Health and Rehab,33,14,24,0
OAKLAND,Cambridge North Healthcare Center ,33,17,22,0
WAYNE,Medilodge of Taylor,33,12,21,0
OTSEGO,Medilodge of Gaylord,33,7,23,0
WAYNE,Heartland Health Care Center - Canton,32,15,22,0
OAKLAND,"Lakeland Center, The",32,5,49,0
OAKLAND,Canterbury on the Lake,32,7,38,0
SAGINAW,Samaritas  Senior Living Saginaw,31,12,17,1
MACOMB,~Regency at St Clair Shores~,31,5,12,0
OAKLAND,Medilodge of Farmington,31,11,4,0
GENESEE,Regency at Grand Blanc,31,13,16,0
SAGINAW,"HealthSource Saginaw, Inc",29,1,56,0
WAYNE,~Advantage Living Center Redford~,29,4,14,0
MACOMB,Medilodge of Shoreline,29,9,8,0
OTTAWA,MediLodge at the Shore,28,6,8,0
KENT,Laurels of Kent (The),28,8,7,0
WAYNE,Cherry Hill for Nursing and Rehab,28,8,14,0
WAYNE,Hamilton Nursing Home,27,7,6,0
OAKLAND,Bloomfield Orchard Villa,27,16,10,0
IOSCO,Lakeview Manor Healthcare Center,27,4,21,0
MACOMB,The Village of East Harbor,27,7,13,0
KENT,Healthbridge Post-Acute Rehabilitation,26,4,7,0
MARQUETTE,Norlite Nursing Center,26,8,9,0
WAYNE,Omni Continuing Care,26,10,17,2
OAKLAND,Lake Orion Nursing Center,26,6,20,0
MONTCALM,Mission Point of Greenville,25,3,6,0
SAINT CLAIR,Medilodge of Port Huron ,25,3,6,0
TUSCOLA,Tuscola Count Medical Care Community ,24,14,11,0
ISABELLA,Isabella Co Medical Care Facility,24,4,16,0
WASHTENAW,Regency At Whitmore Lake,24,0,1,0
INGHAM,Medilodge of Okemos,23,1,5,0
OAKLAND,Marvin & Betty Danto Family Health Care ,23,4,12,0
MUSKEGON,Roosevelt Park Nursing Centre,23,6,18,1
WAYNE,Marywood Nursing Care Center,23,2,16,0
WAYNE,"Henry Ford Village, Inc. ",22,14,22,0
BERRIEN,Pine Ridge - A Rehab & Nursing Center,22,3,17,0
GENESEE,Heartland HCC Briarwood,21,5,12,0
KENT,Holland Home - Raybrook Manor,21,5,11,0
WAYNE,Mission Point of Detroit Nursing & Rehab,21,7,14,0
MUSKEGON,Sanctuary at McAuley,21,2,18,0
LIVINGSTON,Wellbridge of Brighton,20,6,17,0
BAY,Heartland HCC - Hampton,20,5,13,0
WAYNE,Woodhaven Retirement Community ,20,1,18,0
GRATIOT,Masonic Health Care Center,20,7,15,0
KENT,~SKLD Beltline~,20,10,19,0
CALHOUN,Advantage Living Center - Battle Creek,19,5,12,0
OAKLAND,Heartland Health Care Center - Oakland,19,4,11,0
MACOMB,Clinton Aire Healthcare Center,19,2,2,0
WAYNE,Heritage Manor Nursing and Rehab Center,19,3,14,0
OAKLAND,Oakridge Manor Nursing and Rehab Center,18,8,11,0
CRAWFORD,Grayling Nursing & Rehab Community,18,2,31,0
CALHOUN,Laurels of Bedford,18,5,9,0
BAY,Caretel Inns of Tricities,18,4,17,0
OAKLAND,~Cambridge South Healthcare Center~,18,8,10,0
CRAWFORD,Munson Health Crawford Continuing Care ,18,2,17,0
WAYNE,Aerius Health Center ,18,6,10,0
OAKLAND,Mission Point of Holly,17,7,8,0
SHIAWASSEE,Pleasant View Shiawassee County MCF,17,0,14,0
OAKLAND,Bellbrook - Rochester Hills,17,6,26,0
BERRIEN,Chalet of Niles-Nursing and Rehab Center,17,2,17,0
MACOMB,Shelby Crossing Health Campus,16,7,14,0
WAYNE,Heartland HCC - Grosse Pointe Woods,16,5,7,0
WASHTENAW,Care and Rehab Center at Glacier Hills,16,2,9,0
GRATIOT,Riverside Healthcare Center,16,4,6,0
INGHAM,MediLodge of East Lansing,15,0,9,0
GENESEE,Wellbridge of Fenton,15,7,15,0
OAKLAND,St. Anne's Mead Nursing Facility ,15,11,23,0
SAGINAW,Hoyt Nursing & Rehab. Centre,14,8,14,0
MACOMB,Regency Manor Nursing & Rehab Center,13,3,4,0
WASHTENAW,Heartland HCC - Ann Arbor,13,2,17,0
LENAWEE,Lenawee Medical Care Facility ,10,2,8,0
KENT,St Anns Home,10,2,5,0
WAYNE,Marycrest Manor,10,3,18,0
LENAWEE,Lynwood Manor Healthcare Center,10,0,2,0
GENESEE,~Medilodge of Grand Blanc~,10,2,16,0
BAY,Bay Shores Nursing Care Center,10,2,9,0
OAKLAND,Lourdes Rehabilitation and Healthcare ,10,2,20,0
BERRIEN,Riveridge Rehab. and Health Center,9,2,13,0
OAKLAND,WellBridge of Novi,9,4,15,0
INGHAM,Burcham Hills Center for Health & Rehab,8,2,35,0
WAYNE,Four Seasons Nursing Center of Westland,8,5,21,0
NEWAYGO,Transitional Health Services of Fremont,8,0,5,0
EATON,Regency at Lansing West,8,2,9,0
SAGINAW,Covenant Healthcare System,8,0,6,0
KALAMAZOO,Plainwell Pines Nursing & Rehab.,7,0,4,0
BARRY,Thornapple Manor,7,0,10,0
GRAND TRAVERSE,Grand Traverse Pavilions,7,0,12,0
BAY,The Carriage House of Bay City,7,0,7,0
MONROE,Medilodge of Monroe,6,0,8,0
SAINT JOSEPH,Fairview Living Center,6,0,1,0
MENOMINEE,Menominee Health Services,6,0,2,0
GOGEBIC,Westgate Nursing & Rehab Community,6,0,15,0
WAYNE,Special Tree Neurocare Center,6,2,11,0
KENT,Porter Hills Health Center,6,0,15,0
MUSKEGON,SKLD Whitehall,5,1,4,0
WASHTENAW,Regency At Bluffs Park,5,4,8,0
LAPEER,Lapeer County Medical Care Facility,5,2,4,0
DELTA,Christian Park Village,4,0,3,0
KALAMAZOO,Harold & Grace Upjohn Community Care Ctr,4,1,5,0
BRANCH,Laurels of Coldwater,4,0,4,0
SAINT CLAIR,Marwood Manor Nursing Home,4,0,2,0
MACOMB,Medilodge of Richmond,4,1,7,0
MIDLAND,Brittany Manor,4,1,5,0
WAYNE,The Bay at Cranbrook Health and Rehab,4,4,0,0
OAKLAND,Cedarbrook of Bloomfield Hills,4,3,2,0
SAINT JOSEPH,Heartland Health Care Center - Three Riv,4,2,7,0
OAKLAND,WellBridge of Rochester Hills,3,0,7,0
SAINT CLAIR,Regency On the Lake - Ft. Gratiot,3,0,1,0
KENT,Mission Point of Forest Hills,3,0,2,0
EATON,Eaton County Health and Rehabilitation ,3,0,10,0
KENT,MediLodge of Wyoming,3,0,6,0
KENT,Edison Christian Health Center,3,0,6,0
ARENAC,Ascension Standish Hospital & SNF,3,0,3,0
ISABELLA,MediLodge of Mt Pleasant,3,1,1,0
HURON,Courtney Manor,3,0,0,0
DICKINSON,Freeman Nursing & Rehab,3,0,3,0
JACKSON,Arbor Manor Care Center,2,1,9,0
KENT,Holland Home Breton Rehab & Living Ctr,2,0,5,0
KENT,Covenant Village of the Great Lakes,2,0,5,0
MUSKEGON,Sanctuary at the Park,2,0,8,0
IRON,Iron Co Medical Care Facility,2,0,4,0
HURON,Huron County Medical Care Facility,2,0,3,0
GLADWIN,Gladwin Pines Nursing Home,2,0,1,0
GENESEE,Wellbridge of Grand Blanc ,2,0,4,0
OAKLAND,Oakland Nursing Center,2,0,6,0
KENT,Pilgrim Manor,2,1,2,0
OAKLAND,Regency at Waterford,2,1,5,0
CLINTON,Hazel I. Findlay Country Manor,2,0,8,0
BERRIEN,Royalton Manor,2,1,9,0
WAYNE,Star Manor of Northville,2,0,2,0
OAKLAND,WellBridge of Clarkston,2,0,12,0
BAY,Bay County Medical Care Facility,2,1,17,0
WAYNE,The Rivers Hlth & Rehab Ctr of Grosse Pt,2,0,11,0
ALLEGAN,Grace of Douglas,2,0,2,0
OCEANA,Oceana Co Md Care Facility,2,0,13,1
OTTAWA,Heritage Nursing & Rehab. Community,2,0,5,0
OTTAWA,Allendale Nursing & Rehab. Community,2,0,19,0
WEXFORD,Samaritas Senior Living Cadillac,2,0,2,0
MONROE,Fountain View of Monroe,2,0,3,0
VAN BUREN,South Haven Nursing & Rehab,2,0,7,0
MACOMB,WellBridge of Romeo,2,2,5,0
VAN BUREN,Bronson Commons,2,0,8,0
MONROE,Hickory Ridge of Temperance,1,0,3,0
LENAWEE,Provincial House of Adrian,1,1,4,0
MECOSTA,Altercare of Big Rapids,1,0,1,0
GRAND TRAVERSE,~Medilodge of Grand Traverse County~,1,0,2,0
GLADWIN,Gladwin Nursing & Rehab. Community,1,0,3,0
GENESEE,The Oaks at Woodfield,1,0,7,0
OAKLAND,Medilodge of Milford,1,1,3,0
WAYNE,Medilodge of Plymouth ,1,0,1,0
SAINT JOSEPH,Grace Healthcare of Three Rivers,1,0,1,0
DICKINSON,Manorcare Nursing and Rehab Center,1,0,0,0
MARQUETTE,Marquette County Medical Care Facility,1,0,3,0
DELTA,Christian Park HCC,1,0,2,0
MARQUETTE,Dj Jacobetti Home For Veterans,1,0,1,0
MECOSTA,Mission Point of Big Rapids,1,0,2,0
CLARE,North Woods Nursing Center,1,0,2,0
CALHOUN,Medilodge of Marshall,1,0,4,0
OTTAWA,Medilodge of Holland,1,0,1,0
SAINT JOSEPH,Thurston Woods Village,1,0,7,0
BAY,Huron Woods Nursing Center,1,0,2,0
LENAWEE,The Oasis at Adrian Rehabilitation ,1,1,1,0
LIVINGSTON,The Willows at Howell ,1,1,7,0
OAKLAND,Westlake Health Campus,1,0,2,0
OGEMAW,Villa at West Branch,1,1,1,0
MACOMB,Advantage Living Center - Armada,1,1,4,0
OTTAWA,Hallmark Living Holland,1,0,1,0
PRESQUE ISLE,Medilodge of Rogers City,1,0,1,0
MASON,Medilodge of Ludington,1,0,1,0
SANILAC,Marlette Community Hospital LTCU,1,0,5,0
JACKSON,Countryside Care Center,1,0,2,0
KENT,Brookcrest,1,0,3,0
KENT,Beacon Hill At Eastgate,1,0,6,0
KENT,Spectrum Health Rehab and Nursing Center,1,0,14,0
SAINT CLAIR,Medilodge of Yale,1,0,1,0
KENT,Spectrum Health Rehab & Nrsg Fuller,1,0,8,0
KALAMAZOO,Laurels of Galesburg,1,0,1,0
NEWAYGO,Newaygo Co Medical Care Facility,1,0,2,0
KENT,Mary Free Bed Sub-Acute Rehabilitation,1,1,2,0
KENT,SKLD Wyoming,1,0,1,0
JACKSON,Ridgecrest Health Campus,1,0,2,0
VAN BUREN,Meadow Woods Nursing & Rehab,1,0,4,0
INGHAM,MediLodge of Capital Area,1,0,7,0
MONROE,The Oasis at Monroe Rehabilitation & Nur,1,0,4,0
INGHAM,Aria Nursing and Rehab,1,0,1,0
MUSKEGON,Lake Woods Nursing and Rehabilitation,1,0,5,0
SAGINAW,~Medilodge of Frankenmuth~,0,0,3,0
SHIAWASSEE,Memorial Healthcare Center,0,0,0,0
SAGINAW,Chesaning Nursing & Rehab Center,0,4,8,0
SCHOOLCRAFT,Schoolcraft County Medical Care Facility,0,0,1,0
TUSCOLA,Fisher Senior Care and Rehabilitation,0,0,3,0
OTTAWA,Laurels of Hudsonville (The),0,0,1,0
SAGINAW,Saginaw Senior Care,0,0,4,0
OTTAWA,"Inn at Freedom Village, The",0,0,3,0
WASHTENAW,Gilbert Residence,0,0,1,0
SANILAC,Autumnwood of Deckerville,0,0,1,0
WASHTENAW,Evangelical Home - Saline,0,0,8,0
ROSCOMMON,The Lighthouse At Roscommon,0,0,0,0
WAYNE,~Regency at Chene~,0,14,21,0
OTTAWA,Mission Point of Lamont,0,0,0,0
ROSCOMMON,King Nursing and Rehab Community,0,0,0,0
WASHTENAW,The Villa at Parkridge,0,23,12,0
OTTAWA,North Ottawa Care Center,0,0,0,0
OTTAWA,Riverside Nursing Centre,0,0,3,0
WAYNE,Aberdeen Rehab and Skilled Nursing Ctr,0,0,0,0
WAYNE,Maple Manor Rehab Center,0,0,9,0
SANILAC,Sanilac Medical Care Facility,0,0,0,0
WAYNE,Livonia Woods Nursing and Rehabilitation,0,0,4,0
OTTAWA,SKLD Zeeland,0,0,6,0
SAGINAW,St. Francis Home,0,0,3,0
VAN BUREN,Graceway at Countryside,0,0,1,0
WAYNE,"Boulevard Temple Care Center, LLC",0,0,0,0
SAGINAW,Avista Nursing and Rehab,0,0,4,0
WAYNE,Pine Creek Manor Skilled Nursing & Rehab,0,0,0,0
ALCONA,Jamieson Nursing Home,0,0,0,0
OTSEGO,Munson Healthcare Otsego Mem Hosp - LTC,0,0,0,0
GRATIOT,Warwick Living Center,0,0,2,0
EMMET,Bay Bluffs - Emmet Co. Medical Care,0,0,3,0
EMMET,The Villa at the Bay,0,0,0,0
GENESEE,Argentine Care Center,0,0,2,0
GENESEE,Caretel Inns of Linden,0,0,5,0
GENESEE,Genesys Short Term Rehabilitation Center,0,0,1,0
GENESEE,Heartland HCC Fostrian,0,0,6,0
GENESEE,Medilodge of Montrose,0,0,1,0
GOGEBIC,Gogebic Medical Care Facility ,0,0,3,0
GRAND TRAVERSE,Medilodge of Traverse City,0,0,0,0
GRAND TRAVERSE,The Villa at Traverse Point,0,0,1,0
GRATIOT,Ashley Care Center,0,0,0,0
GRATIOT,"Laurels of Fulton, The",0,0,1,0
GRATIOT,Schnepp Senior Care & Rehab Center,0,0,3,0
HILLSDALE,Hillsdale Hosp McGuire & MacRitchie LTCU,0,0,0,0
EATON,Dimondale Nursing Care Center,0,0,3,0
HOUGHTON,Canal View-Houghton,0,0,1,0
HOUGHTON,GreenTree at Hubbell,0,0,8,0
HOUGHTON,Portagepointe,0,0,0,0
HOUGHTON,The Lighthouse at Hancock,0,0,3,0
HURON,Lakeview Extended Care And Rehab,0,0,2,0
HURON,Scheurer Long Term Care Unit,0,0,2,0
INGHAM,Holt Senior Care and Rehab Center,0,0,1,0
INGHAM,Medilodge of Campus Area,0,0,1,0
INGHAM,The Willows at Okemos,0,0,4,0
IONIA,Mission Point of Belding,0,0,0,0
IONIA,SKLD Ionia,0,0,2,0
IOSCO,Iosco County Medical Care Facility ,0,0,3,0
IOSCO,MediLodge of Tawas City,0,1,3,0
EATON,Medilodge Of Lansing,0,0,0,0
DELTA,Bishop Noa Home for Senior Citizens,0,0,0,0
ISABELLA,Laurels of Mt. Pleasant (The),0,0,2,0
BERRIEN,Coventry House Inn,0,0,7,0
ALGER,Medilodge of Munising,0,0,0,0
ALLEGAN,Allegan County Medical Care Community,0,0,3,0
ALLEGAN,Ely Manor Nursing & Rehab,0,0,0,0
ALLEGAN,Laurels of Sandy Creek,0,0,3,0
ALLEGAN,Life Care Center of Plainwell ,0,0,0,0
ALLEGAN,Resthaven Care Center,0,0,3,0
ALPENA,Medilodge of Greenview,0,0,0,0
ANTRIM,Meadow Brook MCF,0,0,0,0
ARENAC,Medilodge of Sterling,0,0,1,0
BARAGA,Bayside Village,0,0,3,0
BARRY,Hastings Rehab and Healthcare Center,0,0,0,0
BENZIE,Maples Benzie Co Medical Care,0,0,0,0
BENZIE,Paul Oliver Memorial Hospital LTCU,0,0,0,0
BERRIEN,West Woods of Bridgman,0,0,4,0
CLINTON,The Willows at East Lansing,0,0,3,0
BRANCH,Maple Lawn Medical Care Facility,0,0,4,0
CALHOUN,Evergreen Senior Care & Rehab Center,0,0,0,0
CALHOUN,Heartland HCC - Battle Creek,0,0,0,0
CALHOUN,Marshall Nursing & Rehab Community,0,0,2,0
CALHOUN,The Oaks at Northpointe Woods,0,0,0,0
CASS,The Timbers of Cass County,0,0,3,0
CHARLEVOIX,Boulder Park Terrace,0,0,1,0
CHARLEVOIX,Grandvue Medical Care Facility,0,0,10,0
CHEBOYGAN,Medilodge of Cheboygan ,0,0,0,0
CHIPPEWA,Chippewa County War Mem Hosp LTCU,0,0,0,0
CHIPPEWA,Medilodge of Sault Ste Marie,0,0,0,0
CLARE,Medilodge of Clare,0,0,0,0
CLINTON,Ovid Healthcare Center,0,0,0,0
IRON,Iron River Care Center,0,0,2,0
JACKSON,Allegra Nursing and Rehab,0,0,3,0
OSCODA,Wellspring Lutheran Services Fairview,0,0,0,0
MUSKEGON,Christian Care Nursing Center,0,0,0,0
MENOMINEE,Pinecrest Medical Care Facility,0,0,0,0
MENOMINEE,Roubal Care & Rehab. Center,0,0,0,0
MIDLAND,Medilodge of Midland,0,0,2,0
MIDLAND,Midland King's Daughters Home,0,0,1,0
MIDLAND,Stratford Pines ,0,0,0,0
MISSAUKEE,Autumnwood of McBain,0,0,0,0
MONROE,IHM Senior Living Community,0,0,7,0
MONROE,Promedica Monroe Skilled Nursing & Rehab,0,0,0,0
MONROE,Wellspring Lutheran Services Monroe,0,0,1,0
MONTCALM,Laurels of Carson City,0,0,1,0
MONTCALM,Spectrum Health RNC - Kelsey Hospital,0,0,0,0
MONTCALM,Spectrum Health RNC - United Hospital,0,0,1,0
MONTMORENCY,MediLodge of Hillman,0,0,0,0
MUSKEGON,Hillcrest Nursing & Rehab Community,0,0,1,0
MARQUETTE,The Lighthouse Ishpeming,0,0,1,0
OAKLAND,Catherine's Place,0,0,2,0
OAKLAND,Clarkston Specialty Healthcare Center,0,0,4,0
OAKLAND,Fox Run Village,0,3,13,0
OAKLAND,Greenfield Rehab & Nursing Center,0,0,8,0
OAKLAND,Maple Manor Rehab Center of Novi,0,0,5,0
OAKLAND,Novi Lakes Health Campus,0,0,9,0
OAKLAND,Oakland Manor Nursing Rehab Center,0,0,0,0
OAKLAND,South Lyon Senior Care and Rehab,0,0,3,0
OAKLAND,The Neighborhoods at White Lake,0,0,0,0
OAKLAND,West Hickory Haven,0,0,1,0
OGEMAW,Villa at Rose City ,0,0,0,0
ONTONAGON,Aspirus Ontonagon Hospital LTC,0,0,2,0
OSCEOLA,Spectrum Health Reed City Hospital RNC,0,0,0,0
MASON,Oakview Medical Care Facility,0,0,3,0
ALCONA,Lincoln Haven Nursing & Rehab. Community,0,0,5,0
JACKSON,Faith Haven Senior Care Centre,0,0,1,0
KENT,Valley View Care Center,0,0,3,0
JACKSON,Jackson County Medical Care Facility ,0,0,3,0
JACKSON,Vista Grande Villa,0,0,2,0
KALAMAZOO,Alamo Nursing Home,0,0,5,0
KALAMAZOO,Borgess Gardens,0,0,11,0
KALAMAZOO,Friendship Village,0,0,5,0
KALAMAZOO,Medilodge of Portage,0,0,2,0
KALAMAZOO,Medilodge of Westwood,0,0,1,0
KALAMAZOO,The Springs at the Fountains,0,0,1,0
KALKASKA,Kalkaska Memorial Health Center LTC,0,0,2,0
KENT,Clark Retirement Community,0,0,3,0
KENT,SKLD Leonard,0,0,1,0
KENT,The Oaks at Byron Center,0,0,4,0
KENT,Valley Health Center,0,0,0,0
LAKE,Grand Oaks Nursing Center,0,0,2,0
MANISTEE,Manistee County Medical Care Facility,0,0,0,0
LAPEER,McLaren Lapeer Region Extended Care,0,0,2,0
LAPEER,Stonegate Health Campus,0,0,4,0
LEELANAU,Maple Valley Nursing Home,0,0,0,0
LEELANAU,Medilodge of Leelanau,0,0,0,0
LEELANAU,Orchard Creek Skilled Nursing,0,0,5,0
LIVINGSTON,MediLodge of Howell,0,0,1,0
LIVINGSTON,~Medilodge of Livingston~,0,0,0,0
LIVINGSTON,Wellbridge of Pinckney ,0,0,3,0
LUCE,Helen Newberry Joy Hospital LTCU,0,0,0,0
MACKINAC,Mackinac Straits Long Term Care Unit,0,0,1,0
MACOMB,Lakeside Manor Nursing & Rehab Center,0,2,2,0
MACOMB,Orchard Grove Health Campus,0,0,4,0
MACOMB,Windemere Park Health and Rehab Center,0,0,7,0
MARQUETTE,Eastwood Nursing Center,0,0,3,0
